{
  "timestamp": "20251024_233731",
  "ensemble_accuracy": 0.9254955570745045,
  "ensemble_method": "top_models_only",
  "num_models": 2,
  "models_used": [
    "ResNet50",
    "DenseNet121"
  ],
  "individual_accuracies": {
    "Baseline CNN": 0.7682843472317157,
    "EfficientNetB0": 0.7689678742310321,
    "ResNet50": 0.9186602870813397,
    "DenseNet121": 0.8824333561175667
  },
  "baseline_accuracy": 0.7682843472317157,
  "improvement_over_baseline": 15.72112098427888,
  "original_ensemble_accuracy": 0.9193438140806562,
  "weighted_ensemble_accuracy": 0.924812030075188,
  "top_models_accuracy": 0.9254955570745045,
  "classification_report": {
    "glioma": {
      "precision": 0.9476309226932669,
      "recall": 0.8315098468271335,
      "f1-score": 0.8857808857808858,
      "support": 457.0
    },
    "meningioma": {
      "precision": 0.9352380952380952,
      "recall": 0.9608610567514677,
      "f1-score": 0.9478764478764479,
      "support": 511.0
    },
    "pituitary": {
      "precision": 0.8994413407821229,
      "recall": 0.9757575757575757,
      "f1-score": 0.936046511627907,
      "support": 495.0
    },
    "accuracy": 0.9254955570745045,
    "macro avg": {
      "precision": 0.9274367862378283,
      "recall": 0.922709493112059,
      "f1-score": 0.9232346150950802,
      "support": 1463.0
    },
    "weighted avg": {
      "precision": 0.9269975816983188,
      "recall": 0.9254955570745045,
      "f1-score": 0.9244769329614105,
      "support": 1463.0
    }
  }
}