{
  "timestamp": "20251024_234726",
  "ensemble_accuracy": 0.9316473000683527,
  "ensemble_method": "top_models_only_with_TTA",
  "num_models": 2,
  "models_used": [
    "ResNet50",
    "DenseNet121"
  ],
  "individual_accuracies": {
    "Baseline CNN": 0.7682843472317157,
    "EfficientNetB0": 0.7689678742310321,
    "ResNet50": 0.9186602870813397,
    "DenseNet121": 0.8824333561175667
  },
  "baseline_accuracy": 0.7682843472317157,
  "improvement_over_baseline": 16.336295283663706,
  "original_ensemble_accuracy": 0.9193438140806562,
  "weighted_ensemble_accuracy": 0.924812030075188,
  "top_models_accuracy": 0.9254955570745045,
  "classification_report": {
    "glioma": {
      "precision": 0.9485294117647058,
      "recall": 0.8468271334792122,
      "f1-score": 0.8947976878612717,
      "support": 457.0
    },
    "meningioma": {
      "precision": 0.9461538461538461,
      "recall": 0.9628180039138943,
      "f1-score": 0.9544131910766246,
      "support": 511.0
    },
    "pituitary": {
      "precision": 0.9046728971962616,
      "recall": 0.9777777777777777,
      "f1-score": 0.9398058252427185,
      "support": 495.0
    },
    "accuracy": 0.9316473000683527,
    "macro avg": {
      "precision": 0.9331187183716046,
      "recall": 0.9291409717236281,
      "f1-score": 0.9296722347268717,
      "support": 1463.0
    },
    "weighted avg": {
      "precision": 0.9328609984095936,
      "recall": 0.9316473000683527,
      "f1-score": 0.9308486448994545,
      "support": 1463.0
    }
  }
}