{
  "evaluation_date": "2025-10-22 14:17:46",
  "model_path": "../../outputs/models/model_cnn_best.h5",
  "test_set_size": 680,
  "overall_accuracy": 0.7176470588235294,
  "correct_predictions": 488,
  "incorrect_predictions": 192,
  "per_class_metrics": {
    "Meningioma": {
      "precision": 0.75,
      "recall": 0.25471698113207547,
      "f1_score": 0.38028169014084506,
      "support": 212
    },
    "Glioma": {
      "precision": 0.7173333333333334,
      "recall": 0.9057239057239057,
      "f1_score": 0.8005952380952381,
      "support": 297
    },
    "Pituitary": {
      "precision": 0.7081545064377682,
      "recall": 0.9649122807017544,
      "f1_score": 0.8168316831683168,
      "support": 171
    }
  },
  "confusion_matrix": [
    [
      54,
      100,
      58
    ],
    [
      18,
      269,
      10
    ],
    [
      0,
      6,
      165
    ]
  ],
  "average_confidence_correct": 0.7921452522277832,
  "average_confidence_incorrect": 0.636722981929779
}